,SourceIp,DestinationIp,TotalConnections,Score,Skew score,MAD score,Count score,Image,Computer,CommandLine,ProcessId
2,10.0.1.14,10.0.1.12,5040,0.6556,1,0.966666667,0,C:\Program Files\SplunkUniversalForwarder\etc\apps\Splunk_TA_stream\windows_x86_64\bin\streamfwd.exe | C:\Program Files\SplunkUniversalForwarder\bin\splunkd.exe,win-dc-128.attackrange.local,0,4044.0 | 2352.0 | 3056.0 | 2968.0 | 2524.0 | 5276.0
53,192.168.1.23,52.113.194.132,8,0.6161,0.855560379,0,0.992721862,C:\Users\altinistef.STEFANIA\AppData\Local\Microsoft\OneDrive\OneDriveStandaloneUpdater.exe | C:\Users\altinistef.STEFANIA\AppData\Local\Microsoft\OneDrive\Update\OneDriveSetup.exe | C:\Users\altinistef.STEFANIA\AppData\Local\Microsoft\OneDrive\OneDrive.exe,WINDOWS10EVAL.stefania.local,0,4480.0 | 5892.0 | 5636.0 | 4236.0 | 5004.0 | 8460.0 | 6160.0 | 2960.0 | 4880.0 | 6032.0 | 3220.0 | 5652.0 | 2712.0 | 7832.0 | 5912.0 | 1432.0 | 4636.0 | 3360.0 | 1572.0 | 5420.0 | 5164.0 | 5036.0 | 2864.0 | 4400.0 | 6836.0 | 5428.0 | 5304.0 | 5188.0 | 4036.0 | 7880.0 | 6348.0 | 984.0 | 7768.0 | 2140.0 | 3036.0 | 6880.0 | 5216.0 | 5472.0 | 3812.0 | 1256.0 | 4968.0 | 4728.0 | 5232.0 | 5364.0 | 4596.0 | 4212.0 | 5496.0 | 1916.0
42,192.168.1.13,212.205.126.122,16,0.5833,1,0.75,0,C:\Windows\System32\svchost.exe,WIN-J23NIGGP1Q6.sysmon_set.local,0,2484
43,192.168.1.13,212.205.126.27,16,0.5833,1,0.75,0,C:\Windows\System32\svchost.exe,WIN-J23NIGGP1Q6.sysmon_set.local,0,2484
71,192.168.1.7,192.168.1.4,1836,0.5413,0.857142857,0.766666667,0,System | C:\Windows\System32\lsass.exe | C:\Windows\System32\dns.exe | C:\Windows\System32\svchost.exe,WIN-J23NIGGP1Q6.sysmon_set.local,0,2756.0 | 4.0 | 1264.0 | 3128.0 | 668.0
52,192.168.1.23,52.109.32.24,9,0.4668,0.860888994,0,0.53947937,C:\Users\altinistef.STEFANIA\AppData\Local\Microsoft\OneDrive\OneDrive.exe,WINDOWS10EVAL.stefania.local,0,5188.0 | 5892.0 | 5636.0 | 6020.0 | 3036.0 | 5420.0 | 5556.0 | 5652.0 | 5496.0 | 5212.0
47,192.168.1.23,104.103.236.46,9,0.3856,0.705955068,0,0.450876461,C:\Users\altinistef.STEFANIA\AppData\Local\Microsoft\OneDrive\OneDrive.exe,WINDOWS10EVAL.stefania.local,0,5496.0 | 5188.0 | 5636.0 | 5892.0 | 3036.0 | 5004.0 | 5420.0 | 8460.0 | 5164.0 | 5556.0 | 5652.0 | 5304.0 | 5212.0
73,192.168.1.7,192.168.1.6,3776,0.3778,0.333333333,0.8,0,C:\Windows\System32\lsass.exe | C:\Windows\System32\dns.exe | System,WIN-J23NIGGP1Q6.sysmon_set.local,0,676.0 | 1476.0 | 4.0 | 2056.0 | 684.0 | 3196.0 | 3128.0 | 668.0
81,192.168.1.7,40.126.31.9,36,0.3325,0.030769231,0.966666667,0,C:\Windows\system32\svchost.exe | C:\Windows\System32\svchost.exe,WIN-J23NIGGP1Q6.sysmon_set.local,0,3924.0 | 4700.0
78,192.168.1.7,209.197.3.8,48,0.3306,0.991803279,0,0,C:\Windows\Sysmon.exe | C:\Windows\System32\SIHClient.exe | C:\Windows\System32\svchost.exe,WIN-J23NIGGP1Q6.sysmon_set.local,0,1280.0 | 2916.0 | 2828.0 | 3052.0 | 2196.0 | 2876.0
40,192.168.1.13,104.125.29.148,14,0.3299,0.989655172,0,0,C:\Windows\System32\svchost.exe,WIN-J23NIGGP1Q6.sysmon_set.local,0,2484
106,2a02:587:a2b:b900:e870:5d9:16ed:6004,2a02:587:a2b:b900:e870:5d9:16ed:6004,306,0.3273,0.015151515,0.966666667,0,C:\Windows\System32\lsass.exe | C:\Windows\System32\dsregcmd.exe | C:\Windows\System32\svchost.exe | C:\Windows\System32\mmc.exe | C:\Windows\System32\dns.exe,WIN-J23NIGGP1Q6.sysmon_set.local,0,668.0 | 1444.0 | 2768.0 | 5264.0 | 2524.0
5,10.0.1.15,10.0.1.12,5088,0.3222,0,0.966666667,0,C:\Program Files\SplunkUniversalForwarder\etc\apps\Splunk_TA_stream\windows_x86_64\bin\streamfwd.exe | C:\Program Files\SplunkUniversalForwarder\bin\splunkd.exe,win-host-987.attackrange.local,0,1732.0 | 3624.0 | 4040.0 | 2172.0 | 1748.0 | 4020.0 | 5272.0 | 2332.0
63,192.168.1.5,192.168.1.1,12909,0.3222,0,0.966666667,0,System,LAPTOP-ROPR18AK,0,4
1,0:0:0:0:0:0:0:1,0:0:0:0:0:0:0:1,18170,0.3209,0.862745098,0.1,0,<unknown process> | C:\Windows\System32\lsass.exe | C:\Windows\System32\dsregcmd.exe | C:\Windows\ADWS\Microsoft.ActiveDirectory.WebServices.exe | C:\Windows\System32\svchost.exe | C:\Windows\System32\dns.exe | System,win-dc-128.attackrange.local,0,2688.0 | 4.0 | 2824.0 | 3336.0 | 4360.0 | 2056.0 | 5116.0 | 3344.0 | 2320.0 | 3088.0 | 5264.0 | 3220.0 | 664.0 | 1432.0 | 668.0 | 1056.0 | 672.0 | 676.0 | 1316.0 | 684.0 | 2360.0 | 3128.0 | 1464.0 | 2876.0 | 1088.0 | 4036.0 | 1476.0 | 5060.0 | 1224.0 | 2892.0 | 5584.0 | 1232.0 | 3196.0 | 1108.0 | 2524.0 | 3420.0 | 1376.0 | 992.0 | 1252.0 | 5860.0 | 3172.0 | 3692.0 | 2160.0 | 2544.0 | 1264.0 | 5104.0 | 632.0 | 636.0
62,192.168.1.4,192.168.1.7,1392,0.3158,0.947368421,0,0,C:\Windows\System32\dns.exe | C:\Windows\System32\svchost.exe | C:\Windows\System32\lsass.exe | System,WIN-J23NIGGP1Q6.sysmon_set.local,0,960.0 | 3128.0 | 668.0 | 4.0
61,192.168.1.28,192.168.1.23,36,0.3143,0.093023256,0.85,0,C:\Windows\System32\svchost.exe,WINDOWS10EVAL.stefania.local,0,1000.0 | 1004.0
72,192.168.1.7,192.168.1.5,1646,0.3136,0.357446809,0.583333333,0,C:\Windows\System32\lsass.exe | C:\Windows\System32\dns.exe | System,WIN-J23NIGGP1Q6.sysmon_set.local,0,3128.0 | 668.0 | 4.0
68,192.168.1.7,13.69.109.131,40,0.3111,3.32E-05,0.933333333,0,C:\Windows\System32\svchost.exe,WIN-J23NIGGP1Q6.sysmon_set.local,0,3056.0 | 2884.0 | 2912.0
101,224.0.0.251,192.168.1.11,30,0.3054,0.916101695,0,0,C:\Windows\System32\svchost.exe,WIN-J23NIGGP1Q6.sysmon_set.local,0,1376.0 | 1252.0
60,192.168.1.255,192.168.1.8,2240,0.3023,0.906801008,0,0,C:\Windows\System32\dns.exe | System,LAPTOP-ROPR18AK,0,2688.0 | 2524.0 | 1476.0 | 4.0
105,2a02:587:a13:de00:e870:5d9:16ed:6004,2a02:587:a13:de00:e870:5d9:16ed:6004,64,0.2929,0.878552972,0,0,<unknown process> | C:\Windows\System32\mmc.exe | C:\Windows\System32\lsass.exe | C:\Windows\System32\svchost.exe,WIN-J23NIGGP1Q6.sysmon_set.local,0,672.0 | 4360.0 | 1580.0 | 5892.0
77,192.168.1.7,20.54.110.119,52,0.2833,0.849929845,0,0,C:\Windows\system32\svchost.exe | C:\Windows\System32\svchost.exe,WIN-J23NIGGP1Q6.sysmon_set.local,0,2536.0 | 4680.0 | 936.0 | 2196.0 | 4372.0 | 3832.0
0,0,0,718,0.2716,0.801563178,0,0.013258014,C:\Windows\SoftwareDistribution\Download\Install\AM_Delta_Patch_1.381.1318.0.exe | C:\Windows\SysWOW64\msiexec.exe | C:\Program Files\Oracle\VirtualBox Guest Additions\VBoxDrvInst.exe | C:\Users\ADMINI~1\AppData\Local\Temp\D1976606-209A-4461-A753-9C29F9D44839\DismHost.exe | C:\Windows\System32\rdpclip.exe | C:\Users\chrsm\AppData\Local\Temp\.opera\8408E7AB7347\installer.exe | C:\Windows\System32\AppHostRegistrationVerifier.exe | C:\Windows\SoftwareDistribution\Download\Install\AM_Delta_Patch_1.381.467.0.exe | C:\Windows\System32\SearchFilterHost.exe | C:\Windows\SysWOW64\dllhost.exe | C:\Program Files\SplunkUniversalForwarder\bin\splunk-winprintmon.exe | C:\Windows\System32\cleanmgr.exe | C:\Users\ALTINI~1.STE\AppData\Local\Temp\EUA53E.tmp\MicrosoftEdgeUpdate.exe | C:\ProgramData\Microsoft\Windows Defender\Platform\4.18.2110.6-0\MsMpEng.exe | C:\Windows\System32\wusa.exe | C:\Windows\Microsoft.NET\Framework64\v4.0.30319\mscorsvw.exe | C:\Users\altinitat.STEFANIA\AppData\Local\Microsoft\OneDrive\22.227.1030.0001\FileCoAuth.exe | C:\Program Files\WindowsApps\microsoft.windowscommunicationsapps_16005.11629.20316.0_x64__8wekyb3d8bbwe\HxTsr.exe | C:\Windows\SysWOW64\ipconfig.exe | C:\Windows\System32\poqexec.exe | C:\Windows\SystemApps\ShellExperienceHost_cw5n1h2txyewy\ShellExperienceHost.exe | C:\Users\altinistef.STEFANIA\AppData\Local\Microsoft\OneDrive\22.248.1127.0001\FileSyncConfig.exe | C:\ProgramData\Microsoft\Windows Defender\Platform\4.18.2210.6-0\MpCmdRun.exe | C:\Windows\System32\makecab.exe | C:\Users\altinistef.STEFANIA\Downloads\Sysmon\Sysmon.exe | C:\Users\altinistef.STEFANIA\AppData\Local\Microsoft\OneDrive\22.238.1114.0002\FileCoAuth.exe | C:\Users\altinistef.STEFANIA\Downloads\winrar-x32-611.exe | C:\Windows\Microsoft.NET\Framework\v4.0.30319\mscorsvw.exe | 0 | C:\Windows\system32\OpenWith.exe | C:\Users\altinistef.STEFANIA\AppData\Local\Packages\Microsoft.MicrosoftOfficeHub_8wekyb3d8bbwe\TempState\MicrosoftEdgeWebview2Setup.exe | C:\Program Files (x86)\Microsoft\Edge\Application\108.0.1462.76\Installer\setup.exe | C:\Users\ALTINI~1.STE\AppData\Local\Temp\285E374F-8682-494E-A5CB-7B0AF6E9AB9A\DismHost.exe | C:\Users\altinitat.STEFANIA\AppData\Local\Microsoft\EdgeUpdate\Install\{EF13A39A-8489-4990-A8B6-5FDA9B4FA25E}\MicrosoftEdge_X64_108.0.1462.76.exe | C:\Program Files (x86)\Microsoft\EdgeUpdate\Install\{5AFE921E-6805-44D1-B085-EF1864325505}\EDGEMITMP_0AA5B.tmp\setup.exe | C:\Windows\System32\MRT.exe | C:\Program Files (x86)\Microsoft\Edge\Application\108.0.1462.42\identity_helper.exe | C:\Program Files\SplunkUniversalForwarder\bin\splunk-regmon.exe | C:\Users\ALTINI~1.STE\AppData\Local\Temp\1C9365B1-BBCF-40A3-BACD-5F65FD0EAFF5\DismHost.exe | C:\Windows\Installer\MSI3C7A.tmp | C:\Users\altinitat.STEFANIA\AppData\Local\Microsoft\EdgeUpdate\MicrosoftEdgeUpdate.exe | C:\Users\altinistef.STEFANIA\Downloads\windows_11_free_upgrade (1).exe | C:\Users\altinistef.STEFANIA\Downloads\mimikatz-master (1)\mimikatz-master\x64\mimikatz.exe | C:\Users\ALTINI~1.STE\AppData\Local\Temp\GXeiPg.exe | C:\Program Files (x86)\Microsoft\EdgeUpdate\Install\{B1AD1DE6-D9E7-4D2B-9869-BC7002539FEB}\EDGEMITMP_25175.tmp\setup.exe | C:\Windows\System32\sppsvc.exe | C:\Windows\SoftwareDistribution\Download\Install\AM_Delta_Patch_1.381.2045.0.exe | C:\Program Files (x86)\Microsoft\EdgeUpdate\Install\{B3A392B3-D1B1-4B26-B993-81E1BDE1660E}\MicrosoftEdge_X64_108.0.1462.54_108.0.1462.46.exe | C:\Windows\SysWOW64\mmc.exe | C:\Users\chrsm\AppData\Local\Programs\Opera\opera.exe | C:\Windows\SoftwareDistribution\Download\Install\AM_Delta.exe | C:\Windows\System32\VSSVC.exe | C:\Tools\PsExec64.exe | C:\ProgramData\Microsoft\Windows Defender\Platform\4.18.2110.6-0\MpCmdRun.exe | C:\Windows\System32\dns.exe | C:\Program Files (x86)\WinRAR\uninstall.exe | C:\Windows\SysWOW64\cmd.exe | C:\Program Files\SplunkUniversalForwarder\bin\splunkd.exe | C:\Windows\System32\msfeedssync.exe | C:\Users\ALTINI~1.STE\AppData\Local\Temp\RLWBEVniHKaJg.exe | C:\Windows\System32\CredentialUIBroker.exe | C:\Windows\System32\drvinst.exe | C:\Windows\System32\mmc.exe | C:\Program Files\WindowsApps\Microsoft.YourPhone_1.22092.214.0_x64__8wekyb3d8bbwe\PhoneExperienceHost.exe | C:\Users\altinitat.STEFANIA\AppData\Local\Microsoft\OneDrive\Update\OneDriveSetup.exe | C:\Windows\System32\smss.exe | C:\Windows\system32\SearchProtocolHost.exe | C:\Windows\system32\rundll32.exe | C:\Program Files (x86)\Microsoft\EdgeUpdate\Install\{DC5CBC5A-7F4E-4C49-89D2-0434ED4ECC06}\MicrosoftEdge_X64_107.0.1418.62_107.0.1418.56.exe | C:\Users\altinistef.STEFANIA\AppData\Local\Microsoft\OneDrive\Update\OneDriveSetup.exe | C:\Windows\Sysmon.exe | C:\Users\altinitat.STEFANIA\Downloads\Sysmon\Sysmon64.exe | C:\Windows\System32\shutdown.exe | C:\Users\altinistef.STEFANIA\AppData\Local\Microsoft\EdgeUpdate\1.3.171.39\MicrosoftEdgeUpdateComRegisterShell64.exe | C:\Windows\system32\wevtutil.exe | C:\Windows\regedit.exe | C:\Windows\SoftwareDistribution\Download\Install\AM_Delta_Patch_1.379.1374.0.exe | C:\Windows\SysWOW64\WerFault.exe | C:\Windows\PSEXESVC.exe | C:\Program Files\WindowsApps\Microsoft.XboxGamingOverlay_5.822.11281.0_x64__8wekyb3d8bbwe\GameBar.exe | C:\Users\ALTINI~1.STE\AppData\Local\Temp\FC33D4DD-F194-4BFF-BE5D-4123AAB27B72\DismHost.exe | C:\Program Files\SplunkUniversalForwarder\bin\splunk-MonitorNoHandle.exe | C:\Windows\Sysmon64.exe | C:\Windows\Temp\B16AECFB-0197-40FC-A8F5-A287047014B6\MpRecovery.exe | C:\Users\altinistef.STEFANIA\AppData\Local\Microsoft\EdgeUpdate\Install\{B0B02524-5A8B-4C04-A00F-68146BD2F5C0}\MicrosoftEdge_X64_108.0.1462.54.exe | C:\Users\chrsm\AppData\Roaming\Foxit Software\Addon\Foxit PDF Reader\FoxitPDFReaderUpdater.exe | C:\Users\altinistef.STEFANIA\Downloads\Microsoft Office 2007 (preactivated) (michaelrizzochessman upl)\Microsoft Office 2007 (preactivated)\setup.exe | C:\Windows\SystemApps\Microsoft.Windows.Search_cw5n1h2txyewy\SearchApp.exe | C:\Users\altinistef.STEFANIA\AppData\Local\Microsoft\OneDrive\22.238.1114.0002\Microsoft.SharePoint.exe | C:\Windows\SoftwareDistribution\Download\Install\AM_Delta_Patch_1.353.1825.0.exe | C:\Users\chrsm\AppData\Local\Temp\Rar$EXa21552.35045\MyEventViewer.exe | C:\Windows\SoftwareDistribution\Download\Install\AM_Delta_Patch_1.381.20.0.exe | C:\Program Files\internet explorer\iexplore.exe | C:\Windows\System32\ServerManagerLauncher.exe | C:\Windows\System32\backgroundTaskHost.exe | C:\Program Files\WindowsApps\Microsoft.WindowsStore_22210.1401.13.0_x64__8wekyb3d8bbwe\WinStore.App.exe | C:\Users\ALTINI~1.STE\AppData\Local\Temp\2E638A0D-AA13-411A-8576-C3E738547808\DismHost.exe | C:\Users\altinistef.STEFANIA\Desktop\CVE-2020-0796-RCE-POC\tools\dumpbin.exe | C:\Users\ALTINI~1.STE\AppData\Local\Temp\tugpIVe.exe | C:\Program Files (x86)\Microsoft\Edge\Application\108.0.1462.42\elevation_service.exe | C:\Windows\System32\conhost.exe | C:\Users\altinistef.STEFANIA\AppData\Local\Microsoft\OneDrive\22.225.1026.0001\Microsoft.SharePoint.exe | C:\Windows\SoftwareDistribution\Download\Install\Windows-KB890830-x64-V5.109.exe | C:\Windows\System32\smartscreen.exe | C:\Users\altinistef.STEFANIA\Downloads\Portable Microsoft Office 2007 (Word & Excel Only) v4\Portable Microsoft Office 2007 (Word & Excel Only) v4\Microsoft Word 2007.exe | C:\Windows\system32\reg.exe | C:\Program Files\WindowsApps\Microsoft.YourPhone_1.22102.229.0_x64__8wekyb3d8bbwe\PhoneExperienceHost.exe | C:\Users\altinistef.STEFANIA\AppData\Local\Microsoft\OneDrive\22.232.1106.0002\FileSyncConfig.exe | C:\Windows\WinSxS\amd64_microsoft-windows-servicingstack_31bf3856ad364e35_10.0.19041.2300_none_7e14edbc7c88b7d5\TiWorker.exe | C:\Users\ALTINI~1.STE\AppData\Local\Temp\MVzDrU.exe | C:\Program Files\Oracle\VirtualBox Guest Additions\Update\VBoxCertUtil.exe | C:\Users\Administrator\Downloads\lazagne.exe | C:\ProgramData\Microsoft\Windows Defender\Platform\4.18.2210.6-0\NisSrv.exe | C:\Users\altinitat.STEFANIA\AppData\Local\Microsoft\OneDrive\22.248.1127.0001\Microsoft.SharePoint.exe | C:\Users\ALTINI~1.STE\AppData\Local\Temp\1BB7FBB8-0941-43C7-90A4-C1342C224533\DismHost.exe | C:\Users\altinistef.STEFANIA\Downloads\Microsoft Office 2007 (preactivated) (michaelrizzochessman upl)\Microsoft Office 2007 (preactivated)\Enterprise.WW\ose.exe | C:\Tools\ProcessExplorer\procexp64.exe | C:\ProgramData\Microsoft\Windows Defender\Platform\4.18.2211.5-0\MsMpEng.exe | C:\Program Files (x86)\Microsoft\Edge\Application\107.0.1418.62\Installer\setup.exe | C:\Tools\Rubeus.exe | C:\Program Files (x86)\Microsoft\Edge\Application\108.0.1462.46\identity_helper.exe | C:\Users\chrsm\AppData\Local\Programs\Opera\87.0.4390.45\opera_crashreporter.exe | C:\Windows\Temp\52AC8D97-A74D-4C74-8F78-18CD180180B8\DismHost.exe | C:\Windows\System32\Speech_OneCore\common\SpeechRuntime.exe | C:\Users\altinitat.STEFANIA\AppData\Local\Microsoft\EdgeUpdate\1.3.171.39\MicrosoftEdgeUpdateComRegisterShell64.exe | C:\Users\altinistef.STEFANIA\Downloads\Sysmon\Sysmon64.exe | C:\Users\altinistef.STEFANIA\AppData\Local\Microsoft\OneDrive\OneDriveStandaloneUpdater.exe | C:\Windows\System32\NETSTAT.EXE | C:\Windows\System32\runas.exe | C:\Users\ALTINI~1.STE\AppData\Local\Temp\D3C84BC2-7E92-4962-9E0A-C10079A00A93\DismHost.exe | C:\Users\chrsm\AppData\Local\Temp\FoxitUpdater.exe | C:\Windows\SysWOW64\systeminfo.exe | C:\Windows\System32\DiskSnapshot.exe | C:\Program Files (x86)\Microsoft\EdgeUpdate\Install\{0AF6D023-3964-40E7-AEAD-233A0FE93426}\EDGEMITMP_70894.tmp\setup.exe | C:\Users\ALTINI~1.STE\AppData\Local\Temp\EU3AE5.tmp\MicrosoftEdgeUpdate.exe | C:\Windows\Temp\9AC0D483-D5DE-4E61-9837-0C6B70EEF641\MpSigStub.exe | C:\Users\Administrator\Desktop\mimikatz_trunk\x64\mimikatz.exe | C:\Windows\System32\ServerManager.exe | C:\ProgramData\Microsoft\Windows Defender\Platform\4.18.2211.5-0\MpCmdRun.exe | C:\Windows\System32\Defrag.exe | C:\Windows\Microsoft.NET\Framework64\v4.0.30319\NGenTask.exe | C:\Windows\System32\lsass.exe | C:\Users\chrsm\AppData\Local\Temp\is-QOQTA.tmp\elex_ee_setup.tmp | C:\Windows\System32\wbem\WmiPrvSE.exe | C:\Windows\system32\regsvr32.exe | C:\Users\chrsm\AppData\Local\Temp\is-HTENE.tmp\Skype-Setup.tmp | C:\Users\ALTINI~1.STE\AppData\Local\Temp\XmrzYCfNx.exe | C:\Windows\System32\PING.EXE | C:\Windows\system32\services.exe | C:\Program Files (x86)\Microsoft\Edge\Application\108.0.1462.46\elevation_service.exe | C:\Users\altinistef.STEFANIA\AppData\Local\Microsoft\OneDrive\22.227.1030.0001\FileSyncConfig.exe | C:\PSTools\PsExec.exe | C:\Users\ALTINI~1.STE\AppData\Local\Temp\FC33D4DD-F194-4BFF-BE5D-4123AAB27B72\dismhost.exe | C:\Windows\SoftwareDistribution\Download\Install\AM_Delta_Patch_1.381.579.0.exe | C:\Program Files\WindowsApps\Microsoft.XboxGamingOverlay_5.822.10271.0_x64__8wekyb3d8bbwe\GameBarFTServer.exe | C:\Program Files (x86)\Microsoft\Edge\Application\107.0.1418.56\identity_helper.exe | C:\Windows\System32\WinSAT.exe | C:\Users\altinistef.STEFANIA\AppData\Local\Microsoft\EdgeUpdate\1.3.171.37\MicrosoftEdgeUpdateCore.exe | C:\Windows\System32\wininit.exe | C:\Users\chrsm\AppData\Local\Temp\6108D48A-BA21-409E-BB31-7CEA879EF0BC\DismHost.exe | C:\Windows\SoftwareDistribution\Download\Install\AM_Delta_Patch_1.381.1870.0.exe | C:\Windows\System32\SecurityHealthSystray.exe | C:\Windows\System32\WerFault.exe | C:\Windows\ImmersiveControlPanel\SystemSettings.exe | C:\Program Files (x86)\Microsoft\EdgeUpdate\Install\{B26F6B19-6D6E-4B2D-9B90-C4438D9544FF}\EDGEMITMP_3AA52.tmp\setup.exe | C:\Windows\Microsoft.NET\Framework\v4.0.30319\NGenTask.exe | C:\Users\Administrator\Downloads\mimikatz_trunk\x64\mimikatz.exe | C:\Windows\system32\CompatTelRunner.exe | C:\Windows\System32\MusNotificationUx.exe | C:\$WinREAgent\Scratch\4BA2A593-ACA2-49F4-94EF-B6F8E69B63E7\DismHost.exe | C:\Windows\SysWOW64\WindowsPowerShell\v1.0\powershell.exe | C:\Users\chrsm\AppData\Roaming\Zoom\bin\Zoom.exe | C:\Windows\System32\SecurityHealthService.exe | C:\Windows\System32\csrss.exe | C:\Users\altinistef.STEFANIA\Downloads\acrobatreaderpro.exe | X:\PsExec64.exe | C:\Windows\System32\wlms\wlms.exe | C:\Users\altinistef.STEFANIA\AppData\Local\Microsoft\OneDrive\22.248.1127.0001\Microsoft.SharePoint.exe | C:\Windows\System32\mpnotify.exe | C:\Users\chrsm\AppData\Local\Temp\_ir_sf_temp_0\irsetup.exe | C:\Windows\System32\wuauclt.exe | C:\$WinREAgent\Scratch\0E02E061-5DEF-473D-BFB2-BCB29A1F63C7\DismHost.exe | C:\Users\chrsm\FastCopy\setup.exe | C:\Windows\system32\MRT.exe | C:\Windows\System32\PickerHost.exe | C:\Program Files\SplunkUniversalForwarder\bin\splunk-netmon.exe | C:\Program Files\Oracle\VirtualBox Guest Additions\Update\VBoxWindowsAdditions.exe | C:\Windows\system32\winlogon.exe | C:\Windows\System32\ismserv.exe | C:\Windows\System32\fontdrvhost.exe | C:\Windows\System32\MpSigStub.exe | C:\Windows\System32\RuntimeBroker.exe | C:\Windows\SoftwareDistribution\Download\Install\AM_Delta_Patch_1.353.1817.0.exe | C:\Users\altinitat.STEFANIA\AppData\Local\Microsoft\OneDrive\StandaloneUpdater\MicrosoftEdgeWebview2Setup.exe | C:\Windows\System32\WindowsPowerShell\v1.0\powershell.exe | C:\Windows\System32\WaaSMedicAgent.exe | C:\Windows\Temp\9AC0D483-D5DE-4E61-9837-0C6B70EEF641\MpRecovery.exe | C:\ProgramData\Microsoft\Windows Defender\Platform\4.18.2203.5-0\NisSrv.exe | C:\Users\chrsm\AppData\Local\Microsoft\Teams\Update.exe | C:\$WinREAgent\Scratch\42621EAE-AAED-401C-932F-9F45866FD6A2\DismHost.exe | C:\Windows\WinSxS\amd64_microsoft-windows-servicingstack_31bf3856ad364e35_10.0.19041.2180_none_7e328fe47c714aab\TiWorker.exe | C:\Windows\SoftwareDistribution\Download\Install\AM_Delta_Patch_1.379.1215.0.exe | C:\Windows\System32\services.exe | C:\Windows\System32\CompPkgSrv.exe | C:\Windows\System32\gpupdate.exe | C:\Users\ALTINI~1.STE\AppData\Local\Temp\8BAFB15A-78D5-443A-8965-3CA97D266FFF\DismHost.exe | C:\Users\chrsm\AppData\Local\Programs\Python\Python39\python.exe | C:\Windows\System32\dasHost.exe | C:\Windows\system32\cleanmgr.exe | C:\Windows\system32\mmc.exe | C:\Users\chrsm\AppData\Local\Temp\foxADF.tmp\Foxit PDFReader Setup.exe | C:\Users\ALTINI~1.STE\AppData\Local\Temp\364E9511-536E-45F0-86E9-5C4545EABBBB\DismHost.exe | C:\Users\altinitat.STEFANIA\AppData\Local\Microsoft\OneDrive\22.248.1127.0001\FileCoAuth.exe | C:\Users\ALTINI~1.STE\AppData\Local\Temp\IDrpHtgUJp.exe | C:\Program Files (x86)\Microsoft\Temp\EUD388.tmp\MicrosoftEdgeUpdate.exe | C:\Users\altinitat.STEFANIA\AppData\Local\Microsoft\OneDrive\22.232.1106.0002\Microsoft.SharePoint.exe | C:\Program Files (x86)\Microsoft\EdgeUpdate\Install\{4A2FE969-572E-4C68-9A0C-2C393071DFDF}\EDGEMITMP_C15F9.tmp\setup.exe | C:\Windows\System32\ApplicationFrameHost.exe | C:\Windows\SysWOW64\wbem\WmiPrvSE.exe | C:\Program Files\WindowsApps\Microsoft.DesktopAppInstaller_1.18.2691.0_x64__8wekyb3d8bbwe\AppInstallerPythonRedirector.exe | C:\Program Files\WindowsApps\Microsoft.DesktopAppInstaller_1.18.2691.0_x64__8wekyb3d8bbwe\WindowsPackageManagerServer.exe | C:\Windows\system32\DllHost.exe | C:\Users\ALTINI~1.STE\AppData\Local\Temp\wyPcsm.exe | C:\Users\altinistef.STEFANIA\Desktop\CVE-2020-0796-RCE-POC\tools\link.exe | C:\Users\chrsm\AppData\Local\Temp\is-F516M.tmp\Foxit PDFReader Setup.tmp | C:\Windows\System32\spoolsv.exe | C:\Users\altinitat.STEFANIA\AppData\Local\Microsoft\OneDrive\OneDrive.exe | C:\Windows\System32\klist.exe | C:\Program Files\SplunkUniversalForwarder\bin\splunk-powershell.exe | C:\Windows\SoftwareDistribution\Download\Install\AM_Delta_Patch_1.381.288.0.exe | C:\Windows\SysWOW64\sc.exe | C:\Windows\System32\Speech_OneCore\common\SpeechModelDownload.exe | C:\Windows\System32\DeviceCensus.exe | C:\Windows\System32\findstr.exe | C:\Windows\Temp\B8770674-DB99-4530-89E3-E3BD852DD43D\DismHost.exe | System | C:\Windows\Microsoft.NET\Framework\v4.0.30319\ngen.exe | C:\Windows\System32\dstokenclean.exe | C:\Windows\System32\tzsync.exe | C:\Program Files (x86)\Microsoft\Edge\Application\108.0.1462.54\elevation_service.exe | C:\Users\ALTINI~1.STE\AppData\Local\Temp\QOZcUgc.exe | C:\Users\altinistef.STEFANIA\Downloads\PSTools\PsExec.exe | C:\Program Files (x86)\Microsoft\EdgeUpdate\Install\{F27B4D35-1CFB-482E-A090-68CCA555B77D}\EDGEMITMP_3C6F9.tmp\setup.exe | C:\Users\chrsm\Desktop\ue_english_64.exe | C:\Users\chrsm\AppData\Local\Programs\Microsoft VS Code\Code.exe | C:\Windows\System32\autochk.exe | C:\Windows\SoftwareDistribution\Download\Install\AM_Engine_Patch_1.1.19800.4.exe | C:\Users\chrsm\AppData\Local\Programs\Opera\87.0.4390.45\opera_autoupdate.exe | C:\Windows\winsxs\amd64_microsoft-windows-servicingstack_31bf3856ad364e35_10.0.19041.2180_none_7e328fe47c714aab\TiWorker.exe | C:\Windows\system32\tzsync.exe | C:\Windows\SoftwareDistribution\Download\Install\AM_Delta_Patch_1.379.1365.0.exe | C:\Windows\System32\MusNotification.exe | C:\Windows\servicing\TrustedInstaller.exe | C:\Program Files (x86)\Microsoft\EdgeUpdate\Install\{5AFE921E-6805-44D1-B085-EF1864325505}\MicrosoftEdge_X64_108.0.1462.46_108.0.1462.42.exe | C:\Windows\System32\wsmprovhost.exe | C:\Windows\system32\ipconfig.exe | C:\Windows\SoftwareDistribution\Download\Install\AM_Delta_Patch_1.381.2009.0.exe | C:\Users\ALTINI~1.STE\AppData\Local\Temp\Sysmon.exe | C:\AtomicRedTeam\atomics\T1003.004\bin\PsExec.exe | C:\Users\chrsm\AppData\Local\Temp\_iu14D2N.tmp | C:\Windows\System32\provtool.exe | C:\Windows\system32\msiexec.exe | C:\Program Files (x86)\Microsoft\Edge\Application\107.0.1418.56\Installer\setup.exe | C:\Users\altinistef.STEFANIA\AppData\Local\Microsoft\EdgeUpdate\1.3.171.37\MicrosoftEdgeUpdateComRegisterShell64.exe | C:\Program Files (x86)\Microsoft\Edge\Application\msedge.exe | C:\Windows\System32\dllhost.exe | C:\Windows\System32\pnputil.exe | C:\Users\ALTINI~1.STE\AppData\Local\Temp\ose00000.exe | C:\Program Files\WindowsApps\PythonSoftwareFoundation.Python.3.9_3.9.3568.0_x64__qbz5n2kfra8p0\python3.9.exe | C:\Windows\System32\winrshost.exe | C:\Tools\x64\mimikatz.exe | C:\Windows\SysWOW64\notepad.exe | C:\Program Files (x86)\Microsoft\EdgeUpdate\Install\{33FCBBCA-EE8F-4D73-8F7D-6FDD3EFC8EC2}\MicrosoftEdgeUpdateSetup_X86_1.3.171.39.exe | C:\Users\chrsm\AppData\Local\Temp\is-8A6G4.tmp\elex_ee_setup.tmp | C:\Windows\Microsoft.NET\Framework\v4.0.30319\ngentask.exe | C:\Program Files (x86)\WinRAR\Uninstall.exe | C:\Windows\SysWOW64\rundll32.exe | C:\Users\chrsm\AppData\Local\Microsoft\Teams\current\Teams.exe | \\?\C:\Windows\system32\wbem\WMIADAP.EXE | C:\Program Files (x86)\Microsoft\EdgeUpdate\1.3.171.39\MicrosoftEdgeUpdateComRegisterShell64.exe | C:\Program Files (x86)\Microsoft Office\Office12\GrooveMonitor.exe | C:\Windows\SoftwareDistribution\Download\Install\AM_Delta_Patch_1.381.2018.0.exe | C:\Users\altinistef.STEFANIA\AppData\Local\Microsoft\EdgeUpdate\Install\{A96B4A12-F817-43FE-97CA-5C5E90B9D0C3}\MicrosoftEdge_X64_108.0.1462.76_108.0.1462.54.exe | C:\Program Files (x86)\Microsoft\EdgeUpdate\Install\{B26F6B19-6D6E-4B2D-9B90-C4438D9544FF}\MicrosoftEdge_X64_108.0.1462.76_108.0.1462.46.exe | C:\Windows\System32\net.exe | C:\Windows\System32\dmclient.exe | C:\Users\ALTINI~1.STE\AppData\Local\Temp\obYOmlWowvWWt.exe | C:\Windows\System32\SecurityHealthHost.exe | C:\Windows\System32\ClipRenew.exe | C:\Users\altinitat.STEFANIA\AppData\Local\Microsoft\OneDrive\22.227.1030.0001\FileSyncConfig.exe | C:\Users\altinistef.STEFANIA\AppData\Local\Microsoft\OneDrive\22.248.1127.0001\FileCoAuth.exe | C:\Users\chrsm\AppData\Local\Microsoft\OneDrive\22.111.0522.0002\FileCoAuth.exe | C:\Program Files (x86)\Microsoft Office\Office12\MSOHTMED.EXE | C:\Windows\System32\sihost.exe | C:\Program Files\Notepad++\notepad++.exe | C:\Users\altinitat.STEFANIA\Downloads\windows_11_free_upgrade.exe | C:\Program Files (x86)\Microsoft\EdgeUpdate\Install\{4A2FE969-572E-4C68-9A0C-2C393071DFDF}\MicrosoftEdge_X64_108.0.1462.42.exe | C:\Windows\System32\WinBioPlugIns\FaceFodUninstaller.exe | C:\Program Files (x86)\Microsoft\Edge\Application\107.0.1418.56\elevation_service.exe | C:\Program Files (x86)\Microsoft\EdgeUpdate\Install\{1DAAC6B3-5392-43AD-8306-9398233F5504}\MicrosoftEdge_X64_107.0.1418.62_107.0.1418.56.exe | C:\Users\altinistef.STEFANIA\Desktop\CVE-2020-0796-RCE-POC\tools\cdb.exe | C:\Program Files (x86)\Microsoft\EdgeUpdate\Install\{1DAAC6B3-5392-43AD-8306-9398233F5504}\EDGEMITMP_2C68B.tmp\setup.exe | C:\Windows\SoftwareDistribution\Download\Install\AM_Delta_Patch_1.353.2003.0.exe | C:\Users\ALTINI~1.STE\AppData\Local\Temp\lFbKcQiRsZrL.exe | C:\Windows\SoftwareDistribution\Download\Install\AM_Delta_Patch_1.379.1097.0.exe | C:\Program Files\WindowsApps\Microsoft.XboxGamingOverlay_5.822.11281.0_x64__8wekyb3d8bbwe\GameBarFTServer.exe | C:\Users\chrsm\AppData\Local\Microsoft\OneDrive\22.111.0522.0002\Microsoft.SharePoint.exe | C:\Windows\system32\dxgiadaptercache.exe | C:\Users\chrsm\AppData\Local\Microsoft\OneDrive\OneDriveStandaloneUpdater.exe | C:\Windows\System32\taskkill.exe | C:\Windows\System32\reg.exe | C:\Program Files\WindowsApps\Microsoft.XboxGamingOverlay_5.822.10271.0_x64__8wekyb3d8bbwe\GameBar.exe | C:\Windows\System32\msdtc.exe | C:\Windows\system32\wbem\mofcomp.exe | C:\Windows\WinSxS\amd64_microsoft-windows-servicingstack_31bf3856ad364e35_10.0.17763.733_none_7e30c51b4cee0b94\TiWorker.exe | C:\ProgramData\Microsoft\Windows Defender\Platform\4.18.2210.6-0\MsMpEng.exe | C:\Windows\System32\msiexec.exe | C:\Windows\System32\OOBE-Maintenance.exe | C:\Program Files (x86)\Microsoft\EdgeUpdate\Install\{6BA6BA3C-8CC6-4A2B-A382-8032286E6AA2}\EDGEMITMP_A3C65.tmp\setup.exe | C:\Users\altinistef.STEFANIA\AppData\Local\Microsoft\OneDrive\22.232.1106.0002\Microsoft.SharePoint.exe | C:\Program Files (x86)\Internet Explorer\iexplore.exe | C:\Windows\SoftwareDistribution\Download\Install\AM_Delta_Patch_1.379.1272.0.exe | C:\Windows\System32\SIHClient.exe | C:\Windows\System32\SearchProtocolHost.exe | C:\Program Files (x86)\Microsoft\EdgeUpdate\Install\{2BB0E651-BB5D-4123-A407-631301D3851A}\EDGEMITMP_D1E56.tmp\setup.exe | C:\Users\ALTINI~1.STE\AppData\Local\Temp\017CC35A-B8CB-4176-A6FE-C7D487138155\DismHost.exe | C:\Windows\System32\dsregcmd.exe | C:\Windows\System32\wevtutil.exe | C:\Users\altinistef.STEFANIA\AppData\Local\Microsoft\EdgeWebView\Application\108.0.1462.54\msedgewebview2.exe | C:\Windows\system32\svchost.exe | C:\Windows\System32\MoUsoCoreWorker.exe | C:\Windows\System32\Taskmgr.exe | C:\Users\ALTINI~1.STE\AppData\Local\Temp\jXeLNtKlgIRfB.exe | C:\Windows\System32\OptionalFeatures.exe | C:\Windows\system32\BackgroundTransferHost.exe | C:\Windows\system32\wsmprovhost.exe | C:\Windows\System32\regsvr32.exe | C:\Users\ALTINI~1.STE\AppData\Local\Temp\BmNQtYRLLWDrY.exe | C:\Windows\System32\MusNotifyIcon.exe | C:\Windows\SoftwareDistribution\Download\Install\AM_Delta_Patch_1.381.1372.0.exe | C:\Users\ALTINI~1.STE\AppData\Local\Temp\45A1AD95-3882-422F-A30C-71C14BFE3522\DismHost.exe | C:\Program Files (x86)\Microsoft\Edge\Application\108.0.1462.42\Installer\setup.exe | C:\Windows\System32\LaunchTM.exe | C:\Program Files (x86)\Microsoft Office\Office12\msohtmed.exe | C:\Windows\System32\msconfig.exe | C:\Program Files (x86)\Microsoft\EdgeUpdate\Install\{27BA59B4-AC51-453D-A962-85EB9466474E}\MicrosoftEdge_X64_108.0.1462.76.exe | C:\Program Files (x86)\Microsoft\EdgeUpdate\Install\{6BA6BA3C-8CC6-4A2B-A382-8032286E6AA2}\MicrosoftEdge_X64_108.0.1462.42.exe | C:\Program Files (x86)\Microsoft\Edge\Application\108.0.1462.54\Installer\setup.exe | C:\Windows\system32\dns.exe | C:\Windows\system32\taskhostw.exe | C:\Windows\System32\mstsc.exe | C:\Program Files (x86)\Microsoft\Edge\Application\107.0.1418.62\elevation_service.exe | C:\Program Files\Microsoft Update Health Tools\uhssvc.exe | C:\Users\altinitat.STEFANIA\AppData\Local\Microsoft\EdgeUpdate\Install\{EF13A39A-8489-4990-A8B6-5FDA9B4FA25E}\EDGEMITMP_53D5E.tmp\setup.exe | C:\Windows\System32\upfc.exe | C:\ProgramData\Microsoft\Windows Defender\Platform\4.18.2203.5-0\MsMpEng.exe | C:\Windows\System32\lpremove.exe | C:\Windows\System32\UserAccountControlSettings.exe | C:\Users\ALTINI~1.STE\AppData\Local\Temp\EUF936.tmp\MicrosoftEdgeUpdate.exe | C:\Windows\System32\oobe\UserOOBEBroker.exe | C:\Windows\System32\nslookup.exe | C:\Program Files\Mozilla Firefox\firefox.exe | C:\Windows\System32\wbem\unsecapp.exe | C:\Windows\Explorer.EXE | C:\Users\chrsm\AppData\Local\Temp\6456159E-CC8C-4886-BAE6-8D63EEEB7E75\DismHost.exe | C:\Program Files\Oracle\VirtualBox Guest Additions\cert\VBoxCertUtil.exe | C:\Users\ADMINI~1\AppData\Local\Temp\45240464-C4BC-481E-BC46-B2BE1493A14A\DismHost.exe | C:\Program Files (x86)\Microsoft\Edge\Application\107.0.1418.62\identity_helper.exe | C:\Windows\system32\mstsc.exe | C:\Windows\System32\consent.exe | C:\Windows\SysWOW64\Rundll32.exe | C:\Windows\Temp\2BEF1728-40B6-48DA-8CC0-FCFCD864F5B6\DismHost.exe | C:\Windows\SoftwareDistribution\Download\Install\Windows-KB890830-x64-V5.108.exe | C:\Users\chrsm\AppData\Roaming\Microsoft\Skype for Desktop\Skype-Setup.exe | C:\Windows\SoftwareDistribution\Download\Install\AM_Delta_Patch_1.381.1435.0.exe | C:\Windows\System32\whoami.exe | C:\Windows\system32\net.exe | C:\ProgramData\Microsoft\Windows Defender\platform\4.18.2210.6-0\MsMpEng.exe | C:\Windows\HelpPane.exe | C:\Windows\SysWOW64\wermgr.exe | C:\Windows\Microsoft.NET\Framework64\v4.0.30319\ngen.exe | C:\Windows\SysWOW64\runonce.exe | C:\Users\altinistef.STEFANIA\AppData\Local\Microsoft\EdgeUpdate\Install\{7934C458-28C8-4FB1-8599-6EAD1E544CB8}\MicrosoftEdgeUpdateSetup_X86_1.3.171.39.exe | C:\Windows\SoftwareDistribution\Download\Install\AM_Delta_Patch_1.379.1000.0.exe | C:\Windows\System32\wermgr.exe | C:\Windows\System32\qwinsta.exe | C:\Users\ALTINI~1.STE\AppData\Local\Temp\AD4E1247-E67D-4EFA-BA97-FFFCB1BF76DE\DismHost.exe | C:\Windows\system32\DFSRs.exe | C:\Windows\syswow64\MsiExec.exe | C:\Windows\System32\dfssvc.exe | C:\Windows\System32\HOSTNAME.EXE | C:\Users\ALTINI~1.STE\AppData\Local\Temp\E4585ECC-3E8F-49EA-9F65-A45ECCEEB44A\DismHost.exe | C:\Program Files\Oracle\VirtualBox Guest Additions\Update\VBoxWindowsAdditions-amd64.exe | C:\Users\chrsm\AppData\Local\Temp\~nsuA.tmp\Un_A.exe | C:\Windows\SoftwareDistribution\Download\Install\AM_Delta_Patch_1.353.1952.0.exe | C:\Windows\SysWOW64\eventvwr.exe | C:\Users\ALTINI~1.STE\AppData\Local\Temp\vhjSBRkxzNz.exe | C:\Windows\System32\rundll32.exe | C:\Users\altinitat.STEFANIA\AppData\Local\Microsoft\EdgeUpdate\1.3.171.39\MicrosoftEdgeUpdateCore.exe | C:\Windows\System32\wbem\WMIADAP.exe | C:\Users\Administrator\Desktop\mimikatz_trunk\x64\mimidrv.sys | C:\Users\altinistef.STEFANIA\AppData\Local\Microsoft\EdgeUpdate\Install\{B0B02524-5A8B-4C04-A00F-68146BD2F5C0}\EDGEMITMP_62471.tmp\setup.exe | C:\Windows\Microsoft.NET\Framework64\v4.0.30319\ngentask.exe | C:\Windows\winsxs\amd64_microsoft-windows-servicingstack_31bf3856ad364e35_10.0.19041.2300_none_7e14edbc7c88b7d5\TiWorker.exe | C:\Windows\SoftwareDistribution\Download\Install\AM_Delta_Patch_1.381.58.0.exe | C:\Windows\System32\slui.exe | C:\ProgramData\Microsoft\Windows Defender\Platform\4.18.2211.5-0\NisSrv.exe | C:\Windows\System32\VBoxTray.exe | C:\Windows\System32\sc.exe | C:\ProgramData\Microsoft\Windows Defender\Platform\4.18.2203.5-0\MpCmdRun.exe | C:\Windows\System32\control.exe | C:\Windows\System32\taskhostw.exe | C:\Users\altinistef.STEFANIA\AppData\Local\Microsoft\OneDrive\22.225.1026.0001\FileSyncConfig.exe | C:\Windows\System32\VBoxService.exe | C:\Users\altinistef.STEFANIA\Desktop\windows_11_free_upgrade (1).exe | C:\Program Files\SplunkUniversalForwarder\bin\splunk-admon.exe | C:\Windows\System32\notepad.exe | C:\Windows\system32\lsass.exe | C:\Windows\System32\net1.exe | C:\Windows\System32\dxgiadaptercache.exe | C:\Windows\System32\ctfmon.exe | C:\Windows\System32\OpenWith.exe | C:\Program Files (x86)\WinRAR\WinRAR.exe | C:\Windows\system32\LogonUI.exe | C:\Windows\SysWOW64\whoami.exe | C:\Windows\System32\SgrmBroker.exe | C:\Program Files (x86)\Microsoft\EdgeUpdate\Install\{DC5CBC5A-7F4E-4C49-89D2-0434ED4ECC06}\EDGEMITMP_8F75C.tmp\setup.exe | C:\Windows\SystemApps\Microsoft.Windows.SecHealthUI_cw5n1h2txyewy\SecHealthUI.exe | C:\Windows\System32\InstallAgent.exe | C:\Users\chrsm\Desktop\elex_ee_setup.exe | C:\Windows\system32\DrvInst.exe | C:\Windows\SoftwareDistribution\Download\Install\AM_Delta_Patch_1.379.926.0.exe | C:\Windows\System32\TSTheme.exe | C:\Windows\System32\SystemSettingsBroker.exe | C:\Windows\System32\sdiagnhost.exe | C:\Windows\System32\dwm.exe | C:\Windows\System32\mousocoreworker.exe | C:\Windows\SysWOW64\regsvr32.exe | C:\Windows\System32\CredentialEnrollmentManager.exe | C:\Users\altinitat.STEFANIA\Downloads\windows_11_free_upgrade (1).exe | C:\Windows\System32\SrTasks.exe | C:\Windows\system32\MpSigStub.exe | C:\Windows\SoftwareDistribution\Download\Install\AM_Delta_Patch_1.381.539.0.exe | C:\Windows\system32\wbem\wmiprvse.exe | C:\Users\altinistef.STEFANIA\Downloads\acrobatreaderpro (1).exe | C:\Users\altinistef.STEFANIA\AppData\Local\Microsoft\EdgeUpdate\1.3.171.39\MicrosoftEdgeUpdateCore.exe | C:\Windows\SoftwareDistribution\Download\Install\AM_Delta_Patch_1.381.585.0.exe | C:\Windows\System32\LocationNotificationWindows.exe | C:\Users\altinistef.STEFANIA\AppData\Local\Microsoft\EdgeUpdate\MicrosoftEdgeUpdate.exe | C:\Users\chrsm\AppData\Local\Programs\Opera\launcher.exe | C:\Windows\explorer.exe | C:\Windows\System32\mobsync.exe | C:\Users\altinitat.STEFANIA\AppData\Local\Microsoft\OneDrive\OneDriveStandaloneUpdater.exe | C:\Windows\System32\winlogon.exe | C:\Windows\System32\cmd.exe | C:\Program Files\WindowsApps\Microsoft.WindowsStore_22210.1401.13.0_x64__8wekyb3d8bbwe\WinStore.DesktopExtension\StoreDesktopExtension.exe | C:\Users\altinistef.STEFANIA\AppData\Local\Microsoft\OneDrive\OneDrive.exe | C:\Windows\ADWS\Microsoft.ActiveDirectory.WebServices.exe | C:\Program Files (x86)\Microsoft\EdgeUpdate\MicrosoftEdgeUpdate.exe | C:\Program Files\SplunkUniversalForwarder\bin\splunk-winevtlog.exe | C:\Users\altinitat.STEFANIA\AppData\Local\Microsoft\OneDrive\22.227.1030.0001\Microsoft.SharePoint.exe | C:\Program Files (x86)\Microsoft\EdgeUpdate\Install\{2BB0E651-BB5D-4123-A407-631301D3851A}\MicrosoftEdge_X64_108.0.1462.76_108.0.1462.54.exe | C:\Windows\SystemApps\Microsoft.Windows.Cortana_cw5n1h2txyewy\SearchUI.exe | C:\Users\chrsm\AppData\Local\Viber\QtWebEngineProcess.exe | C:\Program Files (x86)\Microsoft\EdgeUpdate\Install\{0AF6D023-3964-40E7-AEAD-233A0FE93426}\MicrosoftEdge_X64_108.0.1462.54.exe | C:\Program Files (x86)\Microsoft\EdgeUpdate\Install\{F27B4D35-1CFB-482E-A090-68CCA555B77D}\MicrosoftEdge_X64_108.0.1462.76_108.0.1462.54.exe | C:\Windows\system32\wuauclt.exe | C:\Users\altinistef.STEFANIA\AppData\Local\Microsoft\OneDrive\22.238.1114.0002\FileSyncConfig.exe | C:\Windows\System32\UsoClient.exe | C:\Program Files (x86)\Microsoft\EdgeUpdate\Install\{3AEF260D-A249-4C2D-8011-CA43E88735EB}\MicrosoftEdgeUpdateSetup_X86_1.3.171.39.exe | C:\Windows\SysWOW64\reg.exe | C:\Windows\System32\ipconfig.exe | C:\Users\chrsm\AppData\Local\slack\slack.exe | C:\Users\ADMINI~1\AppData\Local\Temp\CB209422-5511-4703-B082-43BC2F93E8F9\DismHost.exe | C:\Windows\System32\BackgroundTransferHost.exe | C:\Windows\System32\AtBroker.exe | C:\Program Files (x86)\Microsoft\Temp\EU5A5B.tmp\MicrosoftEdgeUpdate.exe | <unknown process> | C:\Program Files (x86)\Microsoft\EdgeUpdate\Install\{B3A392B3-D1B1-4B26-B993-81E1BDE1660E}\EDGEMITMP_34F94.tmp\setup.exe | C:\Windows\System32\wbem\mofcomp.exe | C:\Program Files (x86)\Microsoft\Edge\Application\108.0.1462.54\identity_helper.exe | C:\Program Files (x86)\Microsoft\Edge\Application\108.0.1462.46\Installer\setup.exe | \\live.sysinternals.com\tools\PsExec64.exe | C:\Windows\SoftwareDistribution\Download\Install\updateplatform.exe | C:\Windows\system32\compattelrunner.exe | C:\Windows\System32\svchost.exe | C:\Program Files\WindowsApps\Microsoft.YourPhone_1.22112.142.0_x64__8wekyb3d8bbwe\PhoneExperienceHost.exe | C:\Users\altinitat.STEFANIA\AppData\Local\Microsoft\OneDrive\22.232.1106.0002\FileSyncConfig.exe | C:\Program Files (x86)\Microsoft\EdgeUpdate\Install\{27BA59B4-AC51-453D-A962-85EB9466474E}\EDGEMITMP_31780.tmp\setup.exe | C:\Users\chrsm\AppData\Local\Viber\Viber.exe | C:\Windows\System32\LogonUI.exe | C:\Program Files\WindowsApps\Microsoft.MicrosoftOfficeHub_18.2210.1203.0_x64__8wekyb3d8bbwe\WebViewHost.exe | C:\Users\altinistef.STEFANIA\AppData\Local\Microsoft\EdgeUpdate\Install\{A96B4A12-F817-43FE-97CA-5C5E90B9D0C3}\EDGEMITMP_F3564.tmp\setup.exe | C:\Windows\System32\winrs.exe | C:\Users\chrsm\AppData\Local\Temp\is-6796P.tmp\Skype-Setup.tmp | C:\Windows\System32\wsqmcons.exe | C:\Windows\Temp\signtool.exe | C:\Program Files (x86)\Microsoft\EdgeUpdate\Install\{B1AD1DE6-D9E7-4D2B-9869-BC7002539FEB}\MicrosoftEdge_X64_108.0.1462.46_108.0.1462.42.exe | C:\Windows\SoftwareDistribution\Download\Install\AM_Delta_Patch_1.379.951.0.exe | C:\Windows\System32\wlrmdr.exe | C:\Windows\SoftwareDi,,,
110,ff02:0:0:0:0:0:0:fb,fe80:0:0:0:1cae:ba79:b4c:c29d,64,0.2388,0.716478191,0,0,C:\Windows\System32\svchost.exe,WIN-J23NIGGP1Q6.sysmon_set.local,0,1264
84,192.168.1.7,93.184.220.29,56,0.2368,0.710315103,0,0,C:\Windows\Sysmon.exe | C:\Windows\System32\smartscreen.exe | C:\Windows\System32\svchost.exe,WIN-J23NIGGP1Q6.sysmon_set.local,0,2944.0 | 3016.0 | 2156.0 | 2316.0 | 2828.0 | 3924.0 | 4024.0 | 1112.0 | 2876.0
70,192.168.1.7,192.168.1.255,174,0.2259,0.677777778,0,0,System,WIN-J23NIGGP1Q6.sysmon_set.local,0,4
59,192.168.1.255,192.168.1.7,174,0.2259,0.677777778,0,0,System,WIN-J23NIGGP1Q6.sysmon_set.local,0,4
102,224.0.0.251,192.168.1.12,38,0.2191,0.007380074,0.65,0,C:\Windows\System32\svchost.exe,WIN-J23NIGGP1Q6.sysmon_set.local,0,1376.0 | 1252.0
7,127.0.0.1,127.0.0.1,2240,0.2085,0.292237443,0.333333333,0,System | C:\Windows\System32\lsass.exe | C:\Windows\System32\dns.exe | C:\Windows\System32\svchost.exe,WIN-J23NIGGP1Q6.sysmon_set.local,0,1376.0 | 2688.0 | 1476.0 | 1252.0 | 4.0 | 2756.0 | 3336.0 | 2056.0 | 3172.0 | 1224.0 | 664.0 | 1232.0 | 1264.0 | 2704.0 | 3196.0 | 1432.0 | 3128.0 | 2524.0
41,192.168.1.13,104.125.30.252,20,0.205,0.614853195,0,0,C:\Windows\System32\svchost.exe,WIN-J23NIGGP1Q6.sysmon_set.local,0,2484
51,192.168.1.23,20.223.237.241,11,0.1974,0.138189476,0,0.453997647,C:\Users\altinistef.STEFANIA\AppData\Local\Microsoft\OneDrive\OneDrive.exe,WINDOWS10EVAL.stefania.local,0,5496.0 | 5188.0 | 5892.0 | 5636.0 | 6020.0 | 3036.0 | 5004.0 | 5420.0 | 8460.0 | 5164.0 | 5232.0 | 5556.0 | 5652.0 | 4596.0 | 5428.0 | 5304.0 | 5212.0
45,192.168.1.14,192.168.1.7,92,0.1964,0.589254766,0,0,System,WIN-J23NIGGP1Q6.sysmon_set.local,0,4
44,192.168.1.13,40.127.240.158,22,0.1572,0.471659919,0,0,C:\Windows\System32\svchost.exe | C:\Windows\System32\DeviceCensus.exe | C:\Windows\System32\Speech_OneCore\common\SpeechRuntime.exe,WIN-J23NIGGP1Q6.sysmon_set.local,0,5704.0 | 1352.0 | 4780.0 | 3792.0 | 84.0 | 5660.0
108,fe80:0:0:0:e870:5d9:16ed:6004,fe80:0:0:0:e870:5d9:16ed:6004,12292,0.1313,0.393822394,0,0,<unknown process> | C:\Windows\System32\dfssvc.exe | C:\Users\Administrator\Desktop\mimikatz_trunk\x64\mimikatz.exe | C:\Windows\System32\wbem\WmiPrvSE.exe | C:\Windows\System32\dsregcmd.exe | C:\Windows\System32\dns.exe | C:\Windows\System32\dfsrs.exe | C:\Windows\System32\svchost.exe | C:\Windows\System32\mmc.exe | C:\Windows\System32\lsass.exe | System,WIN-J23NIGGP1Q6.sysmon_set.local,0,3328.0 | 512.0 | 4.0 | 5892.0 | 4360.0 | 3088.0 | 5264.0 | 1428.0 | 664.0 | 1560.0 | 1048.0 | 668.0 | 672.0 | 3616.0 | 676.0 | 1444.0 | 3368.0 | 1580.0 | 940.0 | 684.0 | 3116.0 | 5168.0 | 2480.0 | 944.0 | 2988.0 | 5812.0 | 2612.0 | 956.0 | 960.0 | 1088.0 | 1472.0 | 964.0 | 1480.0 | 2376.0 | 972.0 | 1484.0 | 80.0 | 5584.0 | 3536.0 | 2768.0 | 3036.0 | 1756.0 | 3164.0 | 5860.0 | 3172.0 | 364.0 | 5488.0 | 2032.0 | 368.0 | 1012.0 | 2548.0 | 1524.0 | 3196.0
56,192.168.1.255,192.168.1.22,3393,0.1229,0.368732209,0,0,System,LAPTOP-ROPR18AK,0,4
4,10.0.1.14,10.0.1.15,792,0.1082,0.32460733,0,0,C:\Windows\System32\WindowsPowerShell\v1.0\powershell.exe | <unknown process> | C:\Windows\System32\svchost.exe | C:\Windows\system32\mmc.exe | C:\Windows\System32\dns.exe | System,win-dc-128.attackrange.local,0,3584.0 | 96.0 | 2360.0 | 2052.0 | 7544.0 | 4.0 | 5348.0 | 904.0 | 6896.0 | 2160.0 | 824.0 | 5820.0
66,192.168.1.6,192.168.1.7,1736,0.1049,0.314641745,0,0,C:\Windows\System32\lsass.exe | C:\Windows\System32\services.exe | C:\Windows\System32\svchost.exe | C:\Windows\System32\dns.exe | System,WIN-J23NIGGP1Q6.sysmon_set.local,0,960.0 | 676.0 | 964.0 | 4.0 | 648.0 | 972.0 | 684.0 | 664.0 | 3128.0 | 668.0
65,192.168.1.5,192.168.1.7,1472,0.1036,0.310880829,0,0,C:\Windows\System32\lsass.exe | C:\Windows\System32\services.exe | C:\Windows\System32\svchost.exe | C:\Windows\System32\dns.exe | System,WIN-J23NIGGP1Q6.sysmon_set.local,0,960.0 | 4.0 | 648.0 | 3128.0 | 668.0
69,192.168.1.7,192.168.1.1,314,0.0917,0.275132275,0,0,C:\Windows\System32\dns.exe | System,WIN-J23NIGGP1Q6.sysmon_set.local,0,2688.0 | 1476.0 | 4.0 | 3172.0 | 2056.0 | 3196.0 | 3128.0 | 2524.0
58,192.168.1.255,192.168.1.6,104,0.0792,0.237527013,0,0,C:\Windows\System32\dns.exe | System,WIN-J23NIGGP1Q6.sysmon_set.local,0,3196.0 | 4.0
83,192.168.1.7,51.11.168.232,80,0.0403,0.120798533,0,0,C:\Windows\system32\svchost.exe | C:\Windows\System32\CompatTelRunner.exe | C:\Windows\System32\svchost.exe | C:\Windows\System32\Speech_OneCore\common\SpeechModelDownload.exe | C:\Windows\System32\DeviceCensus.exe,WIN-J23NIGGP1Q6.sysmon_set.local,0,2912.0 | 2916.0 | 2980.0 | 5160.0 | 5548.0 | 2064.0 | 5976.0 | 3996.0
54,192.168.1.25,192.168.1.13,9,0.0325,0.048111257,0,0.049240616,C:\Windows\system32\mstsc.exe | C:\Windows\System32\mstsc.exe,WINDOWS10EVAL.stefania.local,0,764.0 | 6088.0 | 6508.0 | 5968.0 | 1212.0
74,192.168.1.7,192.168.1.7,5522,0.0309,0.092827004,0,0,<unknown process> | C:\Windows\System32\lsass.exe | C:\Windows\System32\dsregcmd.exe | C:\Windows\System32\svchost.exe | C:\Windows\System32\mmc.exe | C:\Windows\System32\dns.exe | System,WIN-J23NIGGP1Q6.sysmon_set.local,0,2688.0 | 4.0 | 2056.0 | 3088.0 | 1428.0 | 1432.0 | 664.0 | 668.0 | 676.0 | 684.0 | 3128.0 | 1088.0 | 1476.0 | 1480.0 | 1484.0 | 5584.0 | 1232.0 | 2260.0 | 2524.0 | 1252.0 | 5860.0 | 3172.0 | 364.0 | 1264.0 | 1524.0
107,fe80:0:0:0:b574:557a:2d92:ce61,fe80:0:0:0:b574:557a:2d92:ce61,1196,0.0303,0.090821256,0,0,C:\Windows\System32\dfssvc.exe | C:\Windows\System32\dfsrs.exe | C:\Windows\System32\svchost.exe | C:\Windows\System32\lsass.exe | System,win-dc-128.attackrange.local,0,636.0 | 4.0 | 900.0 | 904.0 | 2408.0 | 632.0 | 2840.0 | 1300.0 | 1272.0 | 2972.0
104,224.0.0.251,192.168.1.4,102,0.0214,0.064063364,0,0,C:\Windows\System32\svchost.exe,WIN-J23NIGGP1Q6.sysmon_set.local,0,1376.0 | 1264.0 | 1252.0 | 1224.0
82,192.168.1.7,51.104.136.2,82,0.021,0.063043412,0,0,C:\Windows\System32\CompatTelRunner.exe | C:\Windows\System32\svchost.exe | C:\Windows\System32\Speech_OneCore\common\SpeechRuntime.exe | C:\Windows\System32\Speech_OneCore\Common\SpeechRuntime.exe,WIN-J23NIGGP1Q6.sysmon_set.local,0,2980.0 | 5352.0 | 2600.0 | 4428.0 | 3156.0 | 4116.0
49,192.168.1.23,192.168.1.31,12,0.0201,0.054664723,0,0.005648325,C:\Windows\System32\mstsc.exe,WINDOWS10EVAL.stefania.local,0,196.0 | 3500.0 | 6412.0 | 6896.0 | 3252.0 | 6908.0
48,192.168.1.23,192.168.1.28,39,0.0189,0.056527591,0,2.85E-05,C:\Users\ALTINI~1.STE\AppData\Local\Temp\GXeiPg.exe | C:\Users\ALTINI~1.STE\AppData\Local\Temp\obYOmlWowvWWt.exe | C:\Users\ALTINI~1.STE\AppData\Local\Temp\vhjSBRkxzNz.exe | C:\Users\ALTINI~1.STE\AppData\Local\Temp\RLWBEVniHKaJg.exe | C:\Users\ALTINI~1.STE\AppData\Local\Temp\tugpIVe.exe | C:\Users\ALTINI~1.STE\AppData\Local\Temp\QOZcUgc.exe | C:\Users\ALTINI~1.STE\AppData\Local\Temp\MVzDrU.exe | C:\Users\ALTINI~1.STE\AppData\Local\Temp\wyPcsm.exe | C:\Users\altinistef.STEFANIA\Downloads\windows_11_free_upgrade.exe | C:\Users\altinistef.STEFANIA\Downloads\acrobatreaderpro.exe | C:\Windows\System32\svchost.exe | C:\Users\ALTINI~1.STE\AppData\Local\Temp\jXeLNtKlgIRfB.exe | C:\Users\altinistef.STEFANIA\Desktop\windows_11_free_upgrade (1).exe | C:\Users\altinistef.STEFANIA\Downloads\windows_11_free_upgrade (1).exe | C:\Users\ALTINI~1.STE\AppData\Local\Temp\IDrpHtgUJp.exe,WINDOWS10EVAL.stefania.local,0,3588.0 | 8.0 | 4876.0 | 3468.0 | 5012.0 | 164.0 | 2468.0 | 4776.0 | 5032.0 | 5168.0 | 5680.0 | 3268.0 | 6728.0 | 4424.0 | 8008.0 | 1224.0 | 3408.0 | 3284.0 | 6740.0 | 2132.0 | 6228.0 | 6744.0 | 6104.0 | 4316.0 | 4444.0 | 6876.0 | 4960.0 | 7136.0 | 6500.0 | 5608.0 | 3688.0 | 4844.0 | 8172.0 | 3436.0 | 4976.0 | 1908.0 | 5496.0
109,fe80:0:0:0:e870:5d9:16ed:6004,ff02:0:0:0:0:0:1:3,130,0.0148,0.044398566,0,0,C:\Windows\System32\svchost.exe,WIN-J23NIGGP1Q6.sysmon_set.local,0,1376.0 | 1252.0 | 1224.0 | 1264.0 | 1232.0 | 1432.0
80,192.168.1.7,224.0.0.252,126,0.0123,0.036987326,0,0,C:\Windows\System32\svchost.exe,WIN-J23NIGGP1Q6.sysmon_set.local,0,1252.0 | 1224.0 | 1264.0 | 1232.0 | 1432.0
3,10.0.1.14,10.0.1.14,950,0.0089,0.026824469,0,0,C:\Windows\System32\dns.exe | C:\Windows\System32\lsass.exe | C:\Windows\System32\svchost.exe,win-dc-128.attackrange.local,0,1056.0 | 2360.0 | 632.0 | 2160.0 | 1300.0 | 1272.0 | 636.0
50,192.168.1.23,192.168.1.33,21,0.0081,6.47E-05,0,0.02427954,C:\Users\altinistef.STEFANIA\Downloads\PSTools\PsExec.exe | C:\Windows\System32\mstsc.exe,WINDOWS10EVAL.stefania.local,0,6752.0 | 224.0 | 6372.0 | 3500.0 | 3452.0 | 5564.0
76,192.168.1.7,20.49.150.241,124,0.0069,0.020823353,0,0,C:\Windows\System32\DeviceCensus.exe | C:\Windows\System32\svchost.exe,WIN-J23NIGGP1Q6.sysmon_set.local,0,2912.0 | 4608.0 | 4128.0 | 4836.0 | 2884.0 | 2980.0 | 600.0 | 4972.0 | 5556.0 | 5560.0 | 5532.0
55,192.168.1.255,192.168.1.21,7056,0.0051,0.015330189,0,0,System,LAPTOP-ROPR18AK,0,4
46,192.168.1.21,192.168.1.255,7056,0.0051,0.015330189,0,0,System,LAPTOP-ROPR18AK,0,4
67,192.168.1.7,104.103.236.172,78,0.0038,0.011548151,0,0,C:\Windows\System32\svchost.exe,WIN-J23NIGGP1Q6.sysmon_set.local,0,2944.0 | 3016.0 | 2828.0 | 2196.0 | 2876.0
8,169.254.138.2,169.254.255.255,23324,0.0035,0.010486455,0,0,System,LAPTOP-ROPR18AK,0,4
89,192.168.16.2,192.168.16.255,23324,0.0035,0.010468159,0,0,System,LAPTOP-ROPR18AK,0,4
100,192.168.98.255,192.168.98.2,23323,0.0035,0.010544815,0,0,System,LAPTOP-ROPR18AK,0,4
99,192.168.98.2,192.168.98.255,23323,0.0035,0.010544815,0,0,System,LAPTOP-ROPR18AK,0,4
11,169.254.219.4,169.254.255.255,23323,0.0035,0.01056338,0,0,System,LAPTOP-ROPR18AK,0,4
94,192.168.214.255,192.168.214.2,23324,0.0035,0.010507881,0,0,System,LAPTOP-ROPR18AK,0,4
93,192.168.214.2,192.168.214.255,23324,0.0035,0.010507881,0,0,System,LAPTOP-ROPR18AK,0,4
90,192.168.16.255,192.168.16.2,23324,0.0035,0.010468159,0,0,System,LAPTOP-ROPR18AK,0,4
25,169.254.255.255,169.254.45.171,23324,0.0035,0.010538642,0,0,System,LAPTOP-ROPR18AK,0,4
15,169.254.255.255,169.254.138.2,23324,0.0035,0.010486455,0,0,System,LAPTOP-ROPR18AK,0,4
18,169.254.255.255,169.254.219.4,23323,0.0035,0.01056338,0,0,System,LAPTOP-ROPR18AK,0,4
34,169.254.45.171,169.254.255.255,23325,0.0035,0.010538642,0,0,System,LAPTOP-ROPR18AK,0,4
24,169.254.255.255,169.254.43.26,23324,0.0032,0.009575105,0,0,System,LAPTOP-ROPR18AK,0,4
33,169.254.43.26,169.254.255.255,23324,0.0032,0.009569378,0,0,System,LAPTOP-ROPR18AK,0,4
39,169.254.97.182,169.254.255.255,23323,0.0031,0.009375916,0,0,System,LAPTOP-ROPR18AK,0,4
35,169.254.50.19,169.254.255.255,23323,0.0031,0.009267304,0,0,System,LAPTOP-ROPR18AK,0,4
26,169.254.255.255,169.254.50.19,23323,0.0031,0.009267304,0,0,System,LAPTOP-ROPR18AK,0,4
92,192.168.179.255,192.168.179.2,23323,0.0031,0.009305031,0,0,System,LAPTOP-ROPR18AK,0,4
30,169.254.255.255,169.254.97.182,23323,0.0031,0.009375916,0,0,System,LAPTOP-ROPR18AK,0,4
23,169.254.255.255,169.254.30.169,23323,0.0031,0.009337613,0,0,System,LAPTOP-ROPR18AK,0,4
32,169.254.30.169,169.254.255.255,23323,0.0031,0.009337613,0,0,System,LAPTOP-ROPR18AK,0,4
91,192.168.179.2,192.168.179.255,23323,0.0031,0.009305031,0,0,System,LAPTOP-ROPR18AK,0,4
57,192.168.1.255,192.168.1.5,12293,0.003,0.009140246,0,0,System,LAPTOP-ROPR18AK,0,4
79,192.168.1.7,212.205.126.51,90,0.003,0.008946621,0,0,C:\Windows\Sysmon.exe | C:\Windows\System32\svchost.exe,WIN-J23NIGGP1Q6.sysmon_set.local,0,3044.0 | 580.0 | 4680.0 | 584.0 | 936.0 | 1928.0 | 2828.0 | 3016.0 | 2128.0 | 3832.0 | 3128.0 | 4216.0
19,169.254.255.255,169.254.228.2,23322,0.0027,0.008163265,0,0,System,LAPTOP-ROPR18AK,0,4
12,169.254.228.2,169.254.255.255,23323,0.0027,0.008163265,0,0,System,LAPTOP-ROPR18AK,0,4
98,192.168.76.255,192.168.76.2,23323,0.0025,0.007392664,0,0,System,LAPTOP-ROPR18AK,0,4
31,169.254.3.2,169.254.255.255,23325,0.0025,0.007494955,0,0,System,LAPTOP-ROPR18AK,0,4
97,192.168.76.2,192.168.76.255,23323,0.0025,0.007392664,0,0,System,LAPTOP-ROPR18AK,0,4
96,192.168.229.255,192.168.229.2,23323,0.0025,0.007355021,0,0,System,LAPTOP-ROPR18AK,0,4
95,192.168.229.2,192.168.229.255,23323,0.0025,0.007355021,0,0,System,LAPTOP-ROPR18AK,0,4
29,169.254.255.255,169.254.9.4,23325,0.0025,0.007501443,0,0,System,LAPTOP-ROPR18AK,0,4
88,192.168.156.255,192.168.156.105,23324,0.0025,0.007417974,0,0,System,LAPTOP-ROPR18AK,0,4
13,169.254.234.2,169.254.255.255,23321,0.0025,0.007501443,0,0,System,LAPTOP-ROPR18AK,0,4
38,169.254.9.4,169.254.255.255,23325,0.0025,0.007501443,0,0,System,LAPTOP-ROPR18AK,0,4
87,192.168.156.105,192.168.156.255,23324,0.0025,0.007417974,0,0,System,LAPTOP-ROPR18AK,0,4
86,192.168.128.255,192.168.128.102,23324,0.0025,0.007471264,0,0,System,LAPTOP-ROPR18AK,0,4
85,192.168.128.102,192.168.128.255,23324,0.0025,0.007471264,0,0,System,LAPTOP-ROPR18AK,0,4
22,169.254.255.255,169.254.3.2,23325,0.0025,0.007494955,0,0,System,LAPTOP-ROPR18AK,0,4
21,169.254.255.255,169.254.250.108,23324,0.0025,0.007441328,0,0,System,LAPTOP-ROPR18AK,0,4
20,169.254.255.255,169.254.234.2,23325,0.0025,0.007501443,0,0,System,LAPTOP-ROPR18AK,0,4
14,169.254.250.108,169.254.255.255,23324,0.0025,0.007441328,0,0,System,LAPTOP-ROPR18AK,0,4
9,169.254.142.2,169.254.255.255,23323,0.0025,0.007371704,0,0,System,LAPTOP-ROPR18AK,0,4
16,169.254.255.255,169.254.142.2,23323,0.0025,0.007371704,0,0,System,LAPTOP-ROPR18AK,0,4
10,169.254.157.2,169.254.255.255,23321,0.0023,0.006942436,0,0,System,LAPTOP-ROPR18AK,0,4
27,169.254.255.255,169.254.77.2,23323,0.0023,0.006974717,0,0,System,LAPTOP-ROPR18AK,0,4
28,169.254.255.255,169.254.80.102,23323,0.0023,0.006964597,0,0,System,LAPTOP-ROPR18AK,0,4
17,169.254.255.255,169.254.157.2,23323,0.0023,0.006942436,0,0,System,LAPTOP-ROPR18AK,0,4
64,192.168.1.5,192.168.1.255,12235,0.0023,0.006853227,0,0,System,LAPTOP-ROPR18AK,0,4
36,169.254.77.2,169.254.255.255,23323,0.0023,0.006974717,0,0,System,LAPTOP-ROPR18AK,0,4
37,169.254.80.102,169.254.255.255,23323,0.0023,0.006964597,0,0,System,LAPTOP-ROPR18AK,0,4
103,224.0.0.251,192.168.1.3,90,0.0015,0.004612858,0,0,C:\Windows\System32\svchost.exe,WIN-J23NIGGP1Q6.sysmon_set.local,0,1376.0 | 1264.0 | 1252.0
75,192.168.1.7,192.168.1.8,88,0.0008,0.002334322,0,0,C:\Windows\System32\dns.exe | System,WIN-J23NIGGP1Q6.sysmon_set.local,0,2688.0 | 2524.0 | 1476.0 | 4.0
6,10.0.1.15,10.0.1.14,504,0.0001,0.000421137,0,0,<unknown process> | C:\Windows\System32\svchost.exe | C:\Tools\PsExec64.exe | C:\Windows\System32\lsass.exe | System,win-dc-128.attackrange.local,0,1088.0 | 640.0 | 3456.0 | 644.0 | 4.0 | 900.0 | 4136.0 | 1040.0 | 632.0 | 636.0
